индонезийский контекст	русский контекст	русская конструкция	английский контекст	английская конструкция																						
Mr Dursley bersenandung ketika dia mengambil dasinya yang sangat membosankan untuk dipakainya bekerja, dan Mrs Dursley bergosip riang seraya berkutat dengan Dudley yang menjerit-jerit dan mendudukkan anak itu di kursinya yang tinggi.	Мистер Дурсль что-то напевал себе под нос, завязывая самый отвратительный из своих галстуков. А миссис Дурсль, с трудом усадив сопротивляющегося и орущего Дадли на высокий детский стульчик, со счастливой улыбкой пересказывала мужу последние сплетни.	актив	Mr Dursley hummed as he picked out his most boring tie for work and Mrs Dursley gossiped away happily as she wrestled a screaming Dudley into his high chair.	актив																						
Selama mengendarai mobilnya ke kota, yang dipikirkannya hanyalah pesanan bor dalam jumlah besar yang akan didapatnya hari itu.	И пока его автомобиль ехал к Лондону из пригорода, мистер Дурсль думал о крупном заказе на дрели, который рассчитывал сегодня получить.	актив	As he drove towards town he thought of nothing except a large order of drills he was hoping to get that day.	актив																						
"Maaf," gumamnya, ketika laki-laki tua yang ditabraknya terhuyung nyaris jatuh.	– Извините, – пробурчал он, видя, как маленький старикашка пошатнулся и едва не упал.	актив	‘Sorry,’ he grunted, as the tiny old man stumbled and almost fell.	актив																						
Ketika mobilnya meluncur masuk ke pekarangan rumah nomor empat, yang pertama kali dilihatnya—dan ini tidak membuatnya bertambah lega—adalah kucing betina yang telah dilihatnya pagi tadi.	Когда он свернул с Тисовой улицы на дорожку, ведущую к дому номер четыре, он сразу заметил уже знакомую полосатую кошку.	актив	As he pulled into the driveway of number four, the first thing he saw – and it didn’t improve his mood – was the tabby cat he’d spotted that morning.	актив																						
Dia sudah menemukan apa yang dicarinya di kantong sebelah dalam.	Наконец во внутреннем кармане он нашел то, что искал.	актив	He had found what he was looking for in his inside pocket.	актив																						
Jelas bahwa apa pun yang dikatakan "semua orang", tak akan dipercayainya sampai Dumbledore mengatakan kepadanya bahwa itu benar.	Было очевидно: несмотря на то что она знает, о чем говорят все вокруг, она не поверит в это, пока Дамблдор не скажет ей, что это правда.	актив	It was plain that whatever ‘everyone’ was saying, she was not going to believe it until Dumbledore told her it was true.	актив																						
Ditemukannya sepasang di bawah tempat tidur, dan setelah menarik labah-labah dari salah satu di antaranya, dipakainya kaus kaki itu.	Он обнаружил их под кроватью и, надевая, стряхнул ползающего по ним паука.	актив	He found a pair under his bed and, after pulling a spider off one of them, put them on.	актив																						
Tampaknya Dudley mendapatkan komputer baru yang diinginkannya, belum lagi televisi baru, dan sepeda balap.	Похоже, что Дадли подарили новый компьютер, который тот так хотел, еще один телевизор и гоночный велосипед – это не говоря обо всем прочем.	безличное	It looked as though Dudley had got the new computer he wanted, not to mention the second television and the racing bike.	безличное																						
Seluruh rumahnya bau kol dan Mrs Figg memaksanya melihat foto-foto semua kucing yang pernah dimilikinya.	Весь дом миссис Фигг насквозь пропах кабачками, а его хозяйка заставляла Гарри любоваться фотографиями многочисленных кошек, живших у нее в разные годы.	актив	The whole house smelled of cabbage and Mrs Figg made him look at photographs of all the cats she’d ever owned.	актив																						
MR dan Mrs Dursley yang tinggal di Privet Drive nomor empat bangga menyatakan diri bahwa mereka orang-orang yang normal, untunglah.	Мистер и миссис Дурсль проживали в доме номер четыре по Тисовой улице и всегда с гордостью заявляли, что они, слава богу, абсолютно нормальные люди.	актив	Mr and Mrs Dursley, of number four, Privet Drive, were proud to say that they were perfectly normal, thank you very much.	актив																						
Tetapi sebetulnya yang dilakukannya hanyalah (seperti diteriakkannya kepada Paman Vernon dari dalam lemarinya yang terkunci) melompat ke belakang tempat sampah besar di luar pintu dapur.	Гарри пытался объяснить дяде Вернону что он всего лишь хотел перепрыгнуть через мусорные баки, стоявшие за столовой, и сам не понял, как оказался на крыше, но тот молча запер его в кладовке и ушел.	актив	But all he’d tried to do (as he shouted at Uncle Vernon through the locked door of his cupboard) was jump behind the big bins outside the kitchen doors.	актив																						
Di sudut ada televisi pertama Dudley, yang ditendangnya sampai bolong ketika acara favoritnya batal ditayangkan.	В углу стоял первый телевизор Дадли, который тот разбил ударом ноги, когда отменили показ его любимой передачи.	актив	The month-old cine-camera was lying on top of a small, working tank Dudley had once driven over next door’s dog; in the corner was Dudley’s first-ever television set, which he’d put his foot through when his favourite programme had been cancelled; there was a large bird-cage which had once held a parrot that Dudley had swapped at school for a real air-rifle, which was up on a shelf with the end all bent because Dudley had sat on it.	актив																						
Dia lapar, dia tidak bisa menonton lima acara televisi yang ingin ditontonnya, dan belum pernah dia melewatkan waktu selama itu tanpa meledakkan alien di layar komputernya.	Он был голоден, он пропустил пять телевизионных программ, которые собирался посмотреть, и он никогда еще не делал таких долгих перерывов между компьютерными сражениями с пришельцами и чудовищами.	актив	He was hungry, he’d missed five television programmes he’d wanted to see and he’d never gone so long without blowing up an alien on his computer.	актив																						
Ketika cerita Hagrid hampir tamat, dia melihat kembali cahaya hijau menyilaukan, lebih jelas daripada yang selama ini diingatnya.	Перед его глазами отчетливо возникла знакомая картина из прошлого, только теперь ослепительная вспышка зеленого света была гораздо ярче.	актив	As Hagrid's story came to a close, he saw again the blinding flash of green light, more clearly than he had ever remembered it before -- and he remembered something else, for the first time in his life: a high, cold, cruel laugh.	актив																						
Batu bata yang disentuhnya bergetar—meliuk malah—di tengahnya, muncul lubang kecil—makin lama makin besar—sedetik kemudian mereka sudah berhadapan dengan gerbang yang bahkan cukup besar untuk Hagrid.	Кирпич, до которого он дотронулся, задрожал, потом задергался, в середине у него появилась маленькая дырка, которая быстро начала расти.	актив	The brick he had touched quivered – it wriggled – in the middle, a small hole appeared – it grew wider and wider – a second later they were facing an archway large enough even for Hagrid, an archway on to a cobbled street which twisted and turned out of sight.	актив																						
Dia tak perlu tahu berapa Galleon senilai dengan satu pound untuk mengetahui bahwa dia sedang memegang lebih banyak uang daripada yang pernah dimilikinya selama hidupnya—bahkan lebih banyak daripada yang dimiliki Dudley.	Ему даже не было интересно, каков курс галлеона по отношению к фунту, – важно было, что сейчас у него денег больше, чем за всю его жизнь.	"у него"	He didn't have to know how many Galleons there were to a pound to know that he was holding more money than he'd had in his whole life -- more money than even Dudley had ever had.	актив																						
"Perlu bantuan?" ternyata salah satu dari si kembar berambut merah yang tadi diikutinya menerobos boks tiket.	Это был один из тех близнецов, чья мать подсказала Гарри, что нужно делать.	актив	‘Want a hand?’ It was one of the red-haired twins he’d followed through the ticket box.	актив																						
Anak itu mengangkat tutup kotak yang dipeluknya dan anak-anak yang merubungnya langsung menjerit dan berteriak-teriak ketika ada kaki panjang berbulu keluar dari kotak itu.	Кудрявый приподнял крышку коробки, которую держал в руках, и все стоявшие вокруг него отпрянули с криками ужаса.	актив	The boy lifted the lid of a box in his arms, and the people around him shrieked and yelled as something inside poked out a long, hairy leg.	"in his arms"																						
Dia tidak tahu apa yang akan segera terjadi, tetapi pastilah lebih baik daripada yang sedang ditinggalkannya.	Он еще не знал, что ждет его там, куда он едет, но он был уверен: это будет лучше, чем то, что он оставлял позади.	актив	He didn’t know what he was going to – but it had to be better than what he was leaving behind.	актив																						
Tak ada yang banyak bicara kecuali Hermione Granger yang dalam bisikan mengucapkan dengan cepat semau mantra yang telah dipelajarinya.	Все молчали, кроме Гермионы Грэйнджер, которая стояла рядом с Гарри и шепотом рассказывала всем вокруг о том, какие заклинания она уже выучила, и вслух гадала, какое из них ей понадобится на церемонии отбора.	актив	No one was talking much except Hermione Granger, who was whispering very fast about all the spells she’d learnt and wondering which one she’d need.	актив																						
"Aku juga diminta oleh Mr Filch, penjaga sekolah, untuk mengingatkan kalian semua, bahwa sihir tak boleh digunakan pada saat pergantian kelas di koridor-koridor.	– По просьбе мистера Филча, нашего школьного смотрителя, напоминаю, что не следует творить чудеса на переменах.	"по просьбе"	‘I have also been asked by Mr Filch, the caretaker, to remind you all that no magic should be used between classes in the corridors.	пассив																						
"Aku dibesarkan oleh nenek dan dia penyihir," kata Neville, "tetapi selama bertahun-tahun seluruh keluarga mengira aku Muggle.	– Я... Ну, меня вырастила бабушка, она волшебница, – начал Невилл.	актив	‘Well, my gran brought me up and she’s a witch,’ said Neville, ‘but the family thought I was all Muggle for ages.	актив																						
"Dan yang terakhir, aku harus menyampaikan kepada kalian, bahwa tahun ini koridor lantai tiga sebelah kanan sebaiknya dihindari oleh mereka yang tak ingin mati penuh penderitaan."	И наконец, я должен сообщить вам, что в этом учебном году правая часть коридора на третьем этаже закрыта для всех, кто не хочет умереть мучительной смертью.	пассив	‘And finally, I must tell you that this year, the third-floor corridor on the right-hand side is out of bounds to everyone who does not wish to die a very painful death.’	актив																						
Suaranya tak lebih daripada bisikan, tetapi anak-anak menangkap semua kata yang diucapkannya – seperti Profesor McGonagall, Snape punya kelebihan bisa tanpa susah payah membuat seluruh murid di kelasnya menyimak.	Снегг говорил почти шепотом, но ученики отчетливо слышали каждое слово.	актив	He spoke in barely more than a whisper, but they caught every word – like Professor McGonagall, Snape had the gift of keeping a class silent without effort.	актив																						
Khalayak luas berpendapat pembobolan tersebut dilakukan oleh penyihir hitam yang tak dikenal.	Продолжается расследование обстоятельств проникновения неизвестных грабителей или грабителя в банк «Гринготтс», имевшего место 31 июля.	"дело рук"	Investigations continue into the break-in at Gringotts on 31 July, widely believed to be the work of dark wizards or witches unknown.	пассив																						
Dia buru-buru menyantap makan malamnya, tanpa memperhatikan apa yang dimakannya, dan kemudian buru-buru ke atas dengan Ron untuk, akhirnya, membuka bungkusan Nimbus Dua Ribu-nya.	За ужином он не ел, а буквально проглатывал еду, даже не замечая, что именно глотает. Потом вместе с Роном помчался наверх, чтобы наконец распаковать «Нимбус».	актив	He bolted his dinner that evening without noticing what he was eating and then rushed upstairs with Ron to unwrap the Nimbus Two Thousand at last.	актив																						
Nimbus Dua Ribu berbelok ke arah mana pun yang dimauinya hanya dengan sentuhan kecil darinya.	Метла «Нимбус-2000» молниеносно реагировала на малейшее движение Гарри, делая в точности то, чего он хотел.	актив	The Nimbus Two Thousand turned wherever he wanted at his lightest touch.	актив																						
Dia mengerti apa yang harus dilakukannya.	Он отлично понял, что Должен делать на поле.	актив	He understood what he had to do all right, it was doing it that was going to be the problem.	актив																						
"Apa yang dilakukannya?" bisik Harry.	– Что это он тут делает? – прошептал Гарри.	актив	‘What’s he doing?’ Harry whispered.	актив																						
Harry berusaha menuju ke tiang gawang Gryffindor lagi, terpikir olehnya unutuk mengusulkan Wood agar minta waktu istirahat sebentar – dan tiba-tiba disadarinya bahwa dia kehilangan kendali atas sapunya.	Казалось, что метла хочет сбросить его.	актив	It was as though the broom was trying to buck him off.	актив																						
Diraupnya api itu dari jubah Snape dan dimasukkannya ke dalam botol kecil di sakunya, lalu dia berjalan kembali sepanjang deretan tempat duduk yang dilewatinya tadi – Snape tak akan tahu apa yang telah terjadi.	Снегг не видел Гермиону, и она незаметным движением смахнула с него пламя. Оно каким-то ей одной известным образом оказалось в маленькой баночке, которую она держала в кармане. По-прежнему не разгибаясь, Гермиона начала пробираться обратно, удаляясь от Снегга, и теперь профессор при всем желании не мог узнать, что именно с ним случилось.	актив	Scooping the fire off him into a little jar in her pocket she scrambled back along the row – Snape would never know what had happened.	актив																						
Hermione mengeluarkan sederet topik dan judul yang telah diputuskannya akan ia cari, sementara Ron berjalan menyusuri deretan buku dan mulai menarik beberapa di antaranya secara acak.	Гермиона вытащила из кармана список книг, которые она запланировала просмотреть, Рон пошел вдоль рядов, время от времени останавливаясь, наугад вытаскивая ту или иную книгу и начиная ее листать.	актив	Hermione took out a list of subjects and titles she had decided to search while Ron strode off down a row of books and started pulling them off the shelves at random.	актив																						
Seperti semua benda lain yang dimilikinya, papan catur itu dulunya milik orang lain dalam keluarganya – dalam hal ini kakeknya.	Как и все его вещи, они когда-то принадлежали кому-то из его родственников, в данном случае дедушке.	актив	Like everything else he owned, it had once belonged to someone else in his family – in this case, his grandfather.	актив																						
Ron sudah kenal baik semuanya, sehingga dia tak pernah punya kesulitan menyuruh mereka melakukan apa yang diinginkannya.	Рон так отлично их изучил, что у него никогда не было проблем с тем, чтобы заставить их выполнить то, что он хочет.	актив	Ron knew them so well he never had trouble getting them to do what he wanted.	актив																						
Meskipun demikian, ketika pagi-pagi sekali dia bangun, yang pertama kali dilihatnya adalah tumpukan kecil bungkusan di kaki tempat tidurnya.	Однако, проснувшись наутро, он первым делом заметил свертки и коробочки у своей кровати.	актив	When he woke early next morning, however, the first thing he saw was a small pile of packages at the foot of his bed.	актив																						
"Aku sudah mendengar tentang itu," katanya terpesona, kotak Kacang Segala-Rasa yang didapatnya dair Hermione sampai terjatuh.	– Я слышал о таком, – произнес он сдавленным голосом, роняя на пол присланную Гермионой коробочку с леденцами и даже не замечая этого.	страдательное причастие	‘I’ve heard of those,’ he said in a hushed voice, dropping the box of Every-Flavour Beans he’d got from Hermione.	актив																						
Harry ingin segera melupakan apa yang telah dilihatnya di cermin, tetapi tak bisa.	Он хотел бы иметь возможность с такой же легкостью убрать из памяти то, что он видел в зеркале, но это ему не удавалось.	актив	Harry wished he could forget what he’d seen in the Mirror as easily, but he couldn’t.	актив																						
Akhirnya dia menemukan apa yang dicarinya.	– Я так и знала! – воскликнула она, найдя то, что искала.	актив	At last she found what she was looking for.	актив																						
"Apa yang disembunyikannya di belakang punggung?" tanya Hermione berpikir-pikir.	– Интересно, что он там прятал за спиной?-задумчиво спросила Гермиона.	актив	‘What was he hiding behind his back?’ said Hermione thoughtfully.	актив																						
"Aku baik-baik saja," kata Harry, hampir tak memahami apa yang diucapkannya.	– Я в порядке, – автоматически ответил Гарри, даже не отдавая себе отчета в том, что именно говорит.	актив	‘I’m fine,’ said Harry, hardly knowing what he was saying.	актив																						
Menggoyangkannya, menggumamkan sesuatu dan berhasil memancarkan api biru—sama seperti yang digunakannya pada Snape di stadion—ke arah tanaman itu.	– Ой, верно! – Гермиона выхватила волшебную палочку и взмахнула ей, что-то шепча.	актив	‘Oh, right!’ said Hermione, and she whipped out her wand, waved it, muttered something and sent a jet of the same bluebell flames she had used on Snape at the plant.	актив																						
Dia mempercayai cerita keluarga Dursley bahwa bekas lukanya didapatnya dalam kecelakaan lalu lintas yang menewaskan orangtuanya.	И никогда не подвергал сомнению рассказ дядюшки, что его родители погибли в автомобильной катастрофе, после которой у него и остался на лбу этот шрам.	актив	He had spent ten years with the Dursleys, never understanding why he kept making odd things happen without meaning to, believing the Dursleys’ story that he had got his scar in the car crash which had killed his parents.	актив																						
Sudah dua minggu ini tak ada hal lain yang dibicarakannya.	Последние две недели только о ней и разговор.	актив	He’d been talking of nothing else for a fortnight.	актив																						
"Ah, Sir," isaknya, mengusap wajahnya dengan salah satu ujung sarung bantal butut yang dipakainya.	— Ах, сэр, — выдохнул он и вытер лицо углом грязной наволочки.	актив	‘Ah, sir,’ he gasped, dabbing his face with a corner of the grubby pillowcase he was wearing.	актив																						
Kesunyian yang menyusul hanya dipecahkan oleh dentang-denting garpu dan pisau dari bawah dan sayup-sayup suara Paman Vernon di kejauhan.	В комнате воцарилось молчание, прерываемое рокотанием голоса дяди Вернона, бряцанием ножей и вилок, доносившимся снизу.	страдательное причастие	There was a silence broken only by the chink of knives and forks from downstairs and the distant rumble of Uncle Vernon’s voice.	past participle																						
BUKAN untuk pertama kalinya pertengkaran meledak di meja makan rumah Privet Drive nomor empat.	В доме № 4 по Тисовой улице во время завтрака разразился очередной скандал.	возвратный пассив	Not for the first time, an argument had broken out over breakfast at number four, Privet Drive.	актив																						
Harry bisa mengenali tulisan Hermione yang rapi, tulisan cakar ayam Ron yang berantakan, dan bahkan coretan yang kelihatannya dikirim oleh si pengawas binatang liar Hogwarts, Hagrid.	Гарри различил аккуратный почерк Гермионы, небрежную писанину Рона и даже каракули, которые наверняка были нацарапаны рукой лесничего Хагрида.	пассив	Harry could make out Hermione’s neat writing, Ron’s untidy scrawl and even a scribble that looked as though it was from the Hogwarts gamekeeper, Hagrid.	актив																						
"Bayangkan, penyihir yang membeli mobil tua karatan dan memberitahu istrinya yang ingin dilakukannya dengan mobil itu hanyalah membongkarnya untuk mengetahui bagaimana cara kerjanya, padahal ternyata dia menyihir mobil itu agar bisa terbang."	— Представь себе волшебника, который купил старенькую развалюху и сказал жене, что разберет ее на части единственно затем, чтобы понять устройство. А на самом деле применяет к ней чары летучести. И пожалуйста, на этом автомобиле можно лететь хоть на край света.	актив	‘Imagine a wizard buying a rusty old car and telling his wife all he wanted to do with it was take it apart to see how it worked, while really he was enchanting it to make it fly.’	актив																						
Mendongak, dia melihat anak laki-laki sangat kecil berambut seperti tikus yang semalam dilihatnya sedang memakai Topi Seleksi.	Подняв глаза, он увидел того самого мальчика с волосами мышиного цвета, которого заметил через окно в Большом зале во время церемонии распределения.	актив	Looking up, he saw the very small, mousy haired boy he’d seen trying on the Sorting Hat last night staring at Harry as though transfixed.	актив																						
Di belakangnya Harry bisa melihat rongsokan lemari besar hitam-emas yang kelihatannya dijatuhkan dari tempat yang tinggi.	Гарри остановился, заглянул в комнату и увидел печальные остатки огромного черно-золотого шкафа, который, надо думать, упал с большой высоты.	"надо думать"	Behind him, Harry could see the wreckage of a large black and gold cabinet that appeared to have been dropped from a great height	"appeared to"																						
Saat Hallowe'en tiba, Harry menyesali janji untuk datang ke Pesta Ulang Tahun Kematian yang diucapkannya tanpa pikir panjang.	В канун Хэллоуина Гарри начал жалеть о поспешно данном обещании пойти на прием к Почти Безголовому Нику.	страдательное причастие	By the time Hallowe’en arrived, Harry was regretting his rash promise to go to the Deathday Party.	_																						
Ruang bawah tanah itu penuh beratus-ratus orang seputih-mutiara transparan, sebagian besar melayang-layang di atas lantai dansa yang penuh, berdansa waltz mengikuti irama tiga puluh gergaji musik yang berbunyi gemetar mengerikan, dimainkan oleh rombongan orkes di panggung yang lantainya bertutup kain hitam.	Играли на них музыканты в черном бархате, стоявшие на сцене.	_	The dungeon was full of hundreds of pearly-white, translucent people, mostly drifting around a crowded dance floor, waltzing to the dreadful, quavering sound of thirty musical saws, played by an orchestra on a black-draped platform.	past participle																						
"Menurut cerita itu semacam monster yang hanya bisa dikontrol oleh pewaris Slytherin," kata Profesor Binns dengan suaranya yang kering mendesah.	— Легенда гласит, что это чудовище, которое будет повиноваться лишь наследнику Слизерина, — пояснил профессор Бинс сухим, шелестящим голосом.	возвратный пассив	‘That is believed to be some sort of monster, which the heir of Slytherin alone can control,’ said Professor Binns in his dry, reedy voice.	актив																						
"Makhluk yang tinggal di kastil itu," kata Aragog, "adalah makhluk kuno yang sangat ditakuti oleh kami, labah-labah, lebih daripada makhluk-makhluk lain.	— Это древнее дьявольское порождение, которого мы, пауки, смертельно боимся.	актив	"The thing that lives in the castle," said Aragog, "is an ancient creature we spiders fear above all others.	актив																						
Kita berdua berdarah-campuran, yatim piatu, dibesarkan oleh Muggle.	Оба мы полукровки, оба сироты, обоих вырастили маглы.	актив	Both half-bloods, orphans, raised by Muggles.	пассив																						
"Sendirian di dalam Kamar Rahasia, ditinggalkan oleh teman-temannya, dikalahkan akhirnya oleh Pangeran Kegelapan yang dengan bodoh ditantangnya.	— Один в Тайной комнате, покинутый друзьями, сраженный наконец Темным Лордом, которому он столь неосмотрительно бросил вызов.	страдательное причастие	Alone in the Chamber of Secrets, forsaken by his friends, defeated at last by the Dark Lord he so unwisely challenged.	past participle																						
Mereka dibunuh, dibunuh oleh penyihir hitam yang paling ditakuti selama seratus tahun belakangan ini, Lord Voldemort.	Их убил величайший за последние сто лет темный волшебник Лорд Волан-де-Морт.	актив	They had been murdered, murdered by the most feared Dark wizard for a hundred years, Lord Voldemort.	пассив																						
HARRY POTTER adalah anak yang sangat istimewa dalam banyak hal.	Гарри Поттер — необычный мальчик во всех отношениях.	актив	Harry Potter was a highly unusual boy in many ways.	актив																						
Berdiri di ambang pintu, diterangi oleh nyala api yang bergoyang di tangan Lupin, ada sosok berjubah yang menjulang sampai ke langit-langit kereta.	Дрожащее пламя в руках Люпина осветило упиравшуюся в потолок фигуру, закутанную в плащ.	страдательное причастие	Standing in the doorway, illuminated by the shivering flames in Lupin's hand, was a cloaked figure that towered to the ceiling.	past participle																						
Perkataannya terpotong oleh ketukan di pintu.	В дверь постучали.	безличное	He was interrupted by a knock on the door.	пассив																						
"Karena kastil ini dilindungi tidak hanya oleh tembok, tahu," kata Hermione.	— А то, что замок защищен кое–чем еще, кроме стен.	пассив	"Because the castle's protected by more than walls, you know," said Hermione.	пассив																						
Pandangannya sangat dikaburkan oleh hujan yang menimpa kacamatanya, sehingga dia tidak melihat Bludger itu datang.	Уже два раза Гарри чуть не сбил с метлы бладжер: из-за воды, заливающей стекла очков, Гарри не заметил его приближения.	актив	Twice Harry came very close to being unseated by a Bludger; his vision was so clouded by the rain on his glasses he hadn’t seen them coming.	пассив																						
"Dan sekarang muncul regu Slytherin, dipimpin oleh Kapten Flint.	— Ее выводит капитан сборной Маркус Флинт.	актив	And here come the Slytherin team, led by Captain Flint.	пассив																						
Frank terpincang-pincang memutar ke belakang rumah sampai dia tiba di pintu yang nyaris tersembunyi oleh sulur-sulur tanaman, mengambil kunci tuanya, memasukkannya ke lubang kunci, dan membuka pintu tanpa suara.	Фрэнк, хромая, обошел вокруг Дома, добрался до задней двери, скрытой плющом, вставил ключ в скважину и беззвучно повернул.	страдательное причастие	Frank limped around to the back of the house until he reached a door almost completely hidden by ivy, took out the old key, put it into the lock and opened the door noiselessly.	past participle																						
PENDUDUK desa Little Hangleton masih menyebutnya "Rumah Riddle", meskipun sudah bertahun-tahun lamanya keluarga Riddle tak tinggal di sana lagi.	В Литтл-Хэнглтоне по-прежнему зовут его Домом Реддлов, хотя семья Реддлов давным-давно там не живет.	актив	The villagers of Little Hangleton still called it ‘the Riddle House’, even though it had been many years since the Riddle family had lived there.	актив																						
Mereka datang mencari Sirius di Hogwarts, padahal Sirius tak bersalah—pembunuhan yang dituduhkan kepadanya dilakukan oleh Wormtail, pendukung Voldemort, yang oleh semua orang dikira sudah mati.	Ее охраняют дементоры — незрячие, высасывающие душу демоны, и они явились разыскивать Сириуса в Хогвартс, когда он сбежал. Но Сириус был невиновен. Убийства, за которые его осудили, совершил Хвост — пособник Волан-де-Морта, которого все считали погибшим.	актив	Yet Sirius had been innocent - the murders for which he had been convicted had been committed by Wormtail, Voldemort's supporter, whom nearly everybody now believed dead.	пассив																						
Keduanya diantar bukan oleh burung hantu (seperti yang biasa dilakukan penyihir), melainkan oleh burung-burung tropis besar berbulu warna-warni cerah.	Оба принесли не совы (как принято у волшебников), а большие яркие тропические птицы.	актив	Both had been delivered, not by owls (as was usual with wizards) but by large, brightly coloured, tropical birds.	пассив																						
Kira-kira dua puluh kursi ungu-keemasan berjajar dalam dua deret, dan Harry, yang mengisi deretan depan bersama keluarga Weasley, menunduk menyaksikan pemandangan yang tak pernah bisa dibayangkannya.	Тут в два ряда стояли примерно двадцать пурпурно-золоченых кресел, и Гарри, пройдя к передним местам вместе с Уизли, взглянул вниз и увидел фантастическую картину, которую никогда не смог бы даже вообразить.	актив	About twenty purple-and-gilt chairs stood in two rows here, and Harry, filing into the front seats with the Weasleys, looked down upon a scene the like of which he could never have imagined.	актив																						
"Dan sementara tim Irlandia melakukan lompatan kemenangan, diapit oleh maskot mereka, Piala Dunia Quidditch dibawa ke Boks Utama!" raung Bagman.	— Ирландская сборная выполняет круг почета в сопровождении своих талисманов, а Кубок мира по квиддичу вносят в верхнюю ложу! – объявил Бэгмен.	актив	‘And as the Irish team perform a lap of honour, flanked by their mascots, the Quidditch World Cup itself is brought into the Top Box!’ roared Bagman.	пассив																						
Selama beberapa menit, keheningan ha dipecahkan oleh dengus dan entakan kaki kuda-kuda besar Madame Maxime.	Тишину нарушали только фырканье и стук подков золотых коней мадам Максим.	актив	For a few minutes, the silence was broken only by Madame Maxime’s huge horses snorting and stamping.	пассив																						
Pukul dua dini hari, Harry berdiri di dekat perapian, dikelilingi oleh tumpukan benda-benda: buku-buku, pena-pena bulu, beberapa kursi terbalik, satu set Gobstones usang, dan katak Neville, si Trevor.	В два часа ночи Гарри стоял, окруженный горой предметов — книгами, перьями, перевернутыми креслами, набором Плюй-камней и жабой Невилла, Тревором.	страдательное причастие	At two o’clock in the morning, Harry stood near the fireplace, surrounded by heaps of objects – books, quills, several upturned chairs, an old set of Gobstones and Neville’s toad, Trevor.	past participle																						
Dia meletakkan kepalanya yang cantik di kaki Harry yang luka, dan air mata yang besar-besar bergulir dari matanya, jatuh ke luka yang disebabkan oleh labah-labah.	Феникс спорхнул на пол, прикоснулся головой к покалеченной ноге Гарри и роняет свои перламутровые слезы на рану, нанесенную пауком.	страдательное причастие	It was resting its beautiful head against Harry’s injured leg, and thick, pearly tears were falling from its eyes onto the wound left by the spider.	past participle																						
"Cedric Diggory dibunuh oleh Lord Voldemort."	— Седрика Диггори убил лорд Волан-де-Морт.	актив	‘Cedric Diggory was murdered by Lord Voldemort.’	пассив																						
"Nah, si tolol itu membayar kami dengan emas Leprechaun yang dikumpulkannya dari maskot-maskot Irlandia."	— Ну, он и заплатил нам лепреконским золотом, пойманным на стадионе.	страдательное причастие	‘Well, the git paid us in leprechaun gold he’d caught from the Irish mascots.’	актив																						
Suami-istri Dursley lalu diam.	Дурсли умолкли.	актив	The Dursleys fell silent.	актив																						
Harry yakin bunyi letupan tadi disebabkan oleh orang yang ber-Apparate atau ber-Disapparate.	Гарри не сомневался: хлопок прозвучал оттого, что кто-то трансгрессировал.	актив	Harry was sure the cracking noise had been made by someone Apparating or Disapparating.	пассив																						
Magnolia Road, seperti Privet Drive, dipenuhi rumah besar persegi, dengan taman rumput yang terpelihara, semuanya dimiliki oleh orang-orang bertubuh besar yang mengendarai mobil sangat bersih mirip mobil Paman Vernon.	Шоссе Магнолий, как и Тисовая улица, было застроено крупными, незамысловатыми, похожими друг на друга домами с идеально, как в парикмахерской, подстриженными газонами, и хозяева их были крупные, незамысловатые, похожие друг на друга люди, которые ездили в очень чистых машинах, точь-в-точь как у дяди Вернона.	актив	Magnolia Road, like Privet Drive, was full of large, square houses with perfectly manicured lawns, all owned by large, square owners who drove very clean cars similar to Uncle Vernon’s.	past participle																						
"ASTAGA!" jerit Paman Vernon, menarik gumpalan-gumpalan besar kumisnya, hal yang sudah lama tidak dilakukannya.	— Ради всего святого! — взревел дядя Вернон и выдернул из усов два хороших пучка волос, чего с ним не случалось очень давно.	безличное	‘FOR GOD’S SAKE!’ roared Uncle Vernon, pulling great clumps of hair out of his moustache, something he hadn’t been driven to do in a long time.	пассив																						
Moody berdiri di undakan paling atas, melepas gumpalan cahaya yang tadi dicuri oleh Pemadam-Api dari lampu-lampu jalanan.	Грюм, стоя на верхней ступени крыльца, выпускал на свободу световые шары, похищенные гасилкой у фонарей.	страдательное причастие	Moody was standing on the top step releasing the balls of light the Put-Outer had stolen from the streetlamps; they flew back to their bulbs and the square glowed momentarily with orange light before Moody limped inside and closed the front door, so that the darkness in the hall became complete.	актив																						
Dia melakukan kealpaan besar karena tidak menyadari bahwa bosnya dikontrol oleh Lord Voldemort (walaupun Kementerian tidak mempercayai hal itu-mereka semua- menganggap Mr Crouch sudah gila).	Перси совершил довольно грубый промах, не заметив, что его начальник находится под контролем лорда Волан-де-Морта (в Министерстве, правда, этому не поверили — там решили, что Крауч сошел с ума).	актив	Percy had committed the fairly large oversight of failing to notice that his boss was being controlled by Lord Voldemort (not that the Ministry had believed it – they all thought Mr Crouch had gone mad).	пассив																						
Tetapi sisa kata-katanya ditenggelamkan oleh jeritan-jeritan mengerikan yang memekakkan telinga.	Но конец фразы потонул в ужасном, пронзительном, душераздирающем визге.	актив	But the rest of her words were drowned by a horrible, earsplitting, blood-curdling screech.	пассив																						
Di atas rambutnya dia memakai bando merah jambu seperti yang dipakai tokoh Elisa dalam kisah Elisa di Negeri Ajaib, warnanya serasi dengan kardigan bulu merah jambu yang dipakainya di atas jubahnya.	Пухлая и приземистая, с короткими курчавыми мышино-каштановыми волосами, она повязала голову ужасающей ярко-розовой лентой под цвет пушистой вязаной кофточки, которую надела поверх мантии.	актив	She looked, Harry thought, like somebody’s maiden aunt: squat, with short, curly, mouse-brown hair in which she had placed a horrible pink Alice band that matched the fluffy pink cardigan she wore over her robes.	актив																						
Mereka tak berhenti bertengkar sepanjang jalan ke ruang bawah tanah Snape, memberi Harry banyak waktu untuk merenung bahwa bersama Neville dan Ron, beruntung sekali kalau dia bisa menjalin dua menit percakapan dengan Cho yang bisa dikenangnya tanpa berkeinginan meninggalkan negara ini.	Спор продолжался всю дорогу в подземелье Снегга, и у Гарри поэтому была масса времени на размышления о том, что с такими приятелями, как Невилл и Рон, ему трудно рассчитывать даже на две минуты разговора с Чжоу, о которых можно будет потом вспоминать без желания немедленно уехать за границу.	актив	They did not stop arguing all the way down to Snape’s dungeon, which gave Harry plenty of time to reflect that between Neville and Ron he would be lucky ever to have two minutes of conversation with Cho that he could look back on without wanting to leave the country.	актив																						
Jendela-jendelanya diselimuti kotoran sehingga sangat sedikit sinar yang bisa masuk ruangan, yang diterangi oleh lilin-lilin di meja-meja kayu kasar.	Окна эркера покрывал такой слой сальной грязи, что дневной свет едва просачивался в комнату, и освещалась она огарками свечей, расставленными на грубых деревянных столах.	возвратный пассив	The bay windows were so encrusted with grime that very little daylight could permeate the room, which was lit instead with the stubs of candles sitting on rough wooden tables	пассив																						
Zacharias berkata berani, "Yang disampaikan Dumbledore kepada kami tahun lalu hanyalah bahwa Cedric Diggory dibunuh oleh Kau-Tahu-Siapa dap bahwa kau membawa pulang jenazah Diggory ke Hogwarts.	— В прошлом году Дамблдор сказал только, что Седрика Диггори убил Сами-Знаете-Кто и что ты принес его тело в Хогвартс.	актив	Zacharias said dismissively, ‘All Dumbledore told us last year was that Cedric Diggory got killed by You-Know-Who and that you brought Diggory’s body back to Hogwarts.	пассив																						
Salah satu anak kucing yang digambar dengan jelek di belakang Umbridge memiliki mata biru bulat persis mata gaib Mad-Eye Moody, dan baru saja terlintas di benak Harry apa kata Mad-Eye kalau dia mendengar Harry minum sesuatu yang ditawarkan oleh orang yang jelas-jelas musuhnya.	У одного из отвратительных котят, изображенных на тарелочках, были огромные, круглые голубые глаза, точь-в-точь такие же, как волшебный глаз мракоборца Грюма, и Гарри внезапно подумал, что бы сказал Грюм, узнай он, что Гарри принял угощение из рук заведомого врага.	актив	One of the horrible painted kittens behind Umbridge had great round blue eyes just like Mad-Eye Moody’s magical one and it had just occurred to Harry what Mad-Eye would say if he ever heard that Harry had drunk anything offered by a known enemy.	past participle																						
"Halo?" katanya berusaha terdengar lebih berani daripada yang dirasakannya.	— В чем дело? – спросил он, стараясь говорить с твердостью, которой на самом деле не ощущал.	актив	‘Hello?’ he said, trying to sound braver than he felt.	актив																						
"Jelas sekali itu disebabkan oleh Kutukan Imperius yang tidka sempurna,´ kata Scrimgeour.	— Очевидно, его поведение является следствием скверно выполненного заклятия Империус, — ответил Скримджер.	"следствием"	‘He has clearly reacted to a poorly performed Imperius Curse,’ said Scrimgeour.	"reacted to"																						
Seluruh dindingnya dipenuhi buku, sebagian besar buku-buku tua dengan sampul kulit hitam atau cokelat; sebuah sofa usang, kursi berlengan tua, dan meja reyot berkumpul dalam cahaya temaram yang disorotkan oleh lampu lilin yang tergantung di langit-langit.	Полки по стенам были сплошь уставлены книгами, большей частью в старинных коричневых или черных кожаных переплетах. Потертый диван, старое кресло и колченогий столик стояли тесной группой в лужице тусклого света от люстры со свечами, свисавшей с потолка.	_	The walls were completely covered in books, most of them bound in old black or brown leather; a threadbare sofa, an old armchair and a rickety table stood grouped together in a pool of dim light cast by a candle-filled lamp hung from the ceiling.	past participle																						
Cahaya tongkat sihir berkilau menyinari kepalanya yang botak, matanya yang menonjol, kumis besarnya yang keperakan dan besar seperti kumis beruang laut, dan kancing-kancing yang digosok berkilat pada jaket beludru merah tua yang dipakainya di atas celana piama sutra berwarna ungu muda.	Свет от волшебной палочки искрился на его блестящей лысине, выпученных глазах, пышных серебристых усах, как у моржа, и полированных пуговицах темно-бордовой бархатной домашней куртки, надетой поверх сиреневой шелковой пижамы.	страдательное причастие	The wand-light sparkled on his shiny pate, his prominent eyes, his enormous, silver walrus-like moustache, and the highly polished buttons on the maroon velvet jacket he was wearing over a pair of lilac silk pyjamas.	актив																						
"Siapa itu?" kata suara cemas yang dikenalinya sebagai suara Mrs Weasley.	— Кто там? – тревожно спросили из-за двери. Гарри узнал голос миссис Уизли.	актив	‘Who’s there?’ said a nervous voice that he recognised as Mrs Weasley’s.	актив																						
Kemarin dulu Arthur menyita satu kotak Teropong-Curiga yang sudah dikutuk yang dipasang oleh Pelahap Maut.	На днях Артур конфисковал коробку проклятых вредноскопов, их почти наверняка подсунул кто-то из Пожирателей смерти.	актив	The other day Arthur confiscated a box of cursed Sneakoscopes that were almost certainly planted by a Death Eater.	пассив																						
Tangannya meraba mencari-cari dan menarik keluar permen lengket berwarna ungu dan jingga, yang dikenalinya sebagai Pastiles Pemuntah.	Гарри по-шарил рукой и вытащил липучую красно-оранжевую конфету, в которой тут же узнал Блевальный батончик.	актив	He groped inside it and pulled out a sticky purple and orange sweet, which he recognised as a Puking Pastille.	актив																						
"Kukira kekuatannya terpengaruh oleh shock, atau sesuatu."	— Видимо, ее волшебные способности пострадали от переживаний, что-то в таком духе.	актив	‘I think her powers must have been affected by shock, or something.’	пассив																						
Mrs Weasley kecewa karena perayaan perayaan ulang tahun keenam belas Harry dirusak leh kabar mengerikan yang dibawa ke pesta dirusak oleh Remus Lupin, yang tampak kurus kering dan muram, rambut cokelatnya banyak ditumbuhi uban di sana-sini, pakaiannya lebih compang-camping dan lebih banyak tambalannya daripada sebelumnya.	К большому огорчению миссис Уизли, шестнадцатый день рождения Гарри был омрачен зловещими рассказами Римуса Люпина, пришедшего на праздник изможденным и посуровевшим, с сединой в каштановых волосах; одежда у него была еще более рваная и заплатанная, чем обычно.	генитив	To Mrs Weasley’s displeasure, Harry’s sixteenth birthday celebrations were marred by grisly tidings brought to the party by Remus Lupin, who was looking gaunt and grim, his brown hair streaked liberally with grey, his clothes more ragged and patched than ever.	past participle																						
Ron menjatuhkan beberapa kotak, mengumpat, dan membuat gerakan kurang ajar dengan tangannya kepada Fred yang celakanya dilihat oleh Mrs Weasley, yang memilih saat itu untuk muncul.	Рон уронил несколько коробок, выругался и сделал неприличный жест в адрес Фреда, но, к несчастью, его заметила подошедшая как раз в этот момент миссис Уизли.	актив	Ron dropped several boxes, swore and made a rude hand gesture at Fred that was unfortunately spotted by Mrs Weasley, who had chosen that moment to appear.	пассив																						
Ron menjatuhkan dua-tiga kotak yang masih dipegangnya sementara dia berusaha membuka kotak yang paling besar.	Он выронил еще несколько коробок, которые так и остались у него в руках, и кое-как открыл самую большую.	актив	He dropped a couple more of the boxes he was still clutching as he fumbled with the largest.	актив																						
Dia lalu panjang-lebar menceritakan kenangannya, namun Harry mendapat kesan jelas bahwa Slughorn belum selesai dengannya, dan bahwa dia belum diyakinkan oleh Neville dan Ginny.	Он пустился в долгие и запутанные воспоминания, но у Гарри осталось четкое ощущение, что Слизнорт с ним еще не закончил и что Невилл и Джинни его не убедили.	актив	He meandered off into a long-winded reminiscence, but Harry had the distinct impression that Slughorn had not finished with him, and that he had not been convinced by Neville and Ginny.	пассив																						
Sesaat Harry mengira Gaunt melakukan gerak tangan yang kurang ajar, namun kemudian sadar bahwa dia sedang menunjukkan kepada Ogden cincin jelek bermata-batu-hitam yang dipakainya di jari tengahnya, menggoyangkannya di depan mata Ogden.	На мгновение Гарри почудилось, что Мракс делает неприличный жест, но потом он разглядел, что старик сует Огдену под нос безобразное кольцо с черным камнем, надетое у него на среднем пальце.	страдательное причастие	For a moment, Harry thought Gaunt was making an obscene hand gesture, but then realised that he was showing Ogden the ugly, black-stoned ring he was wearing on his middle finger, waving it before Ogden’s eyes.	актив																						
Hermione mengatupkan bibir rapat-rapat, tampak marah dan tidak setuju, tetapi perhatiannya teralih oleh burung hantu ketiga yang mendarat di depannya, membawa Daily Prophet edisi hari itu.	Гермиона поджала губы с сердитым и осуждающим видом, но ее отвлекла третья сова, усевшаяся перед нею на стол со свежим номером «Ежедневного пророка».	актив	Hermione pressed her lips together, looking angry and disapproving, but was distracted by a third owl landing in front of her carrying that day’s copy of the Daily Prophet.	пассив																						
"Karena kemungkinan itu tidak disetujui oleh Kementerian Sihir," kata Hermione.	— А такая, что это заклинание, скорее всего, не утверждено Министерством, — отрезала Гермиона.	пассив	‘Because it’s probably not Ministry of Magic-approved,’ said Hermione.	пассив																						
Kau sudah melihat kotak berisi barang-barang curian yang disembunyikannya di kamarnya.	Ты видел коробку, которую он прятал у себя в комнате.	актив	You saw the box of stolen articles he had hidden in his room.	past participle																						
"Inferius adalah mayat yang digerakkan kembali oleh mantra penyihir Hitam.	— Инфернал — это труп, возвращенный к жизни заклинаниями Темного волшебника.	страдательное причастие	"The Inferius is a corpse that has been reanimated by a Dark wizard's spells.	пассив																						
Desas-desus itu sudah bertahun-tahun disebarluaskan oleh orang-orang yang iri hati.	Эти слухи распускаются моими завистниками уже множество лет.	пассив	Those rumours have been bandied about by the jealous for years.	пассив																						
Dua orang itu muncul secara tiba-tiba, terpisah beberapa meter di sebuah jalan sempit yang diterangi oleh cahaya bulan.	Эти двое, появившись словно бы ниоткуда, пару секунд простояли в нескольких шагах друг против друга на узкой, освещенной луной тропе.	страдательное причастие	The two men appeared out of nowhere, a few yards apart in the narrow, moonlit lane.	"moonlit"																						
Jalan kecil itu dikelilingi oleh semak liar yang rendah disebelah kiri, pagar tanaman yg tinggi dan terawat disebelah kanan.	Вдоль тропы шли слева низкие кусты дикой ежевики, а справа — высокая ухоженная живая изгородь.	актив	The lane was bordered on the left by wild, low-growing brambles, on the right by a high, neatly manicured hedge.	пассив																						
Dua laki- laki itu mengambil tempat yang disediakan untuk mereka.	Двое мужчин заняли названные им места.	страдательное причастие	The two men took their allotted places.	past participle																						
Gerakan itu terlihat oleh Voldemort, matanya melebar penuh kedengkian.	Глаза Волан-де-Морта, заметившего это движение, злобно расширились.	действительное причастие	The gesture was not missed by Voldemort, whose eyes widened maliciously.	пассив																						
"Aku harap begitu," kata Harry, "karena begitu aku berumur tujuh belas, semuanya – Pelahap Maut, Dementor, bahkan Inferi, yang merupakan mayat yang disihir oleh Sihir Hitam – dapat menemukanmu dan menyerangmu.	— Надеюсь, — сказал Гарри, — потому что, как только мне исполнится семнадцать, все они — Пожиратели смерти, дементоры, может быть, даже инферналы, а это трупы, околдованные Темным магом, — отыщут вас где угодно и набросятся всем скопом.	страдательное причастие	‘I hope so,’ said Harry, ‘because once I’m seventeen, all of them – Death Eaters, Dementors, maybe even Inferi, which means dead bodies enchanted by a Dark wizard – will be able to find you and will certainly attack you.	past participle																						
"Mad-Eye bilang bahwa Kau-Tahu-Siapa akan mengira bahwa Harry yang asli akan dijaga oleh Auror yang paling berpengalaman.	— Грюм говорил, что он решит, будто настоящего Гарри сопровождает самый крепкий, самый искусный из мракоборцев.	актив	Mad-Eye said he’d expect the real Harry to be with the toughest, most skilled Aurors	актив																						
Ayahnya pernah dikhianati oleh temannya sendiri, Peter Pettigrew.	Гарри понимал, на что намекает Люпин: на то, что отца предал друг, Питер Петтигрю.	актив	Harry knew what Lupin was getting at: that his father had been betrayed by his friend, Peter Pettigrew.	пассив																						
"Kita harus memberi selamat pada mereka!" kata Hermione yang berjinjit mencoba mencari Bill dan Fleur yang sudah dikelilingi oleh orang yang ingin memberi selamat.	— Надо пойти поздравить их, — сказала Гермиона, приподнимаясь на цыпочки, чтобы увидеть Билла и Флер, окруженных толпой уже поздравлявших их гостей.	страдательное причастие	‘We should go and congratulate them!’ said Hermione, standing on tiptoe to see the place where Bill and Fleur had vanished amid a crowd of well-wishers.	актив																						
"Coba Finite Incantatem," kata Hermione, "akan berhasil kalau disebabkan oleh kutukan.	— Если дождь наведен заговором или заклятием, это поможет; если нет, значит, чтото неладно с Атмосферными чарами.	пассив	“Try Finite Incantatem,” said Hermione at once, “that should stop the rain if it’s a hex or curse; if it doesn’t, something’s gone wrong with an Atmospheric Charm, which will be more difficult to fix, so as an interim measure try Impervius to protect his belongings —	актив																						
Harry bermaksud untuk mengikutinya, tapi jalannya tertahan oleh Percy Weasley yang berdiri di dalam lift, hidungnya tertutup dalam koran yang sedang dibacanya.	Гарри тоже попытался выйти, но путь ему преградил уткнувшийся носом в какието документы Перси Уизли.	актив	Harry made to follow him, but found his path blocked as Percy Weasley strode into the lift, his nose buried in some papers he was reading.	past participle																						
Untuk beberapa saat, Harry mencoba keluar, tapi kali ini ia menyadari dirinya tertahan oleh lengan Mr. Weasley.	Гарри попытался последовать за ним, но на этот раз его остановила рука мистера Уизли.	актив	For the second time, Harry tried to get out, but this time found his way blocked by Mr. Weasley’s arm.	пассив																						
"Aku ingin membersihkan diri," Harry berkata pada Bill sambil melihat pada tangannya yang masih ditutupi oleh lumpur dan darah Dobby.	— Я пойду умоюсь, — сказал Гарри Биллу, глядя на свои руки, измазанные землей и кровью Добби.	страдательное причастие	“I’m going to wash,” Harry told Bill, looking down at his hands, still covered in mud and Dobby’s blood.	past participle																						
Dia merasa berjalan dengan cepat yang dikendalikan oleh euphoria, yang terasa memabukkan dari keinginan dalam menghancurkan.	Вновь его охватила еле сдерживаемая эйфория, голову кружило ощущение разрушительной мощи.	страдательное причастие	He felt again that rush of controlled euphoria, that heady sense of purpose in destruction.	past participle																						
Mereka berada di tempat seluas katedral dengan pemandangan sebuah kota, dindingnya yang tinggi terdiri dari berbagai benda yang disembunyikan oleh ratusan siswa yang sudah lama lulus.	Под ними заклятый огонь пожирал контрабанду, спрятанную от бдительных глаз поколениями школьников, бесчисленные последствия запрещенных экспериментов, тайны множества душ, искавших здесь укрытия.	пассив	The smoke and heat were becoming overwhelming: below them the cursed fire was consuming the contraband of generations of hunted students, the guilty outcomes of a thousand banned experiments, the secrets of the countless souls who had sought refuge in the room.	генитив																						
Mereka bergerak dalam kesunyian, pandangan Harry terpancang pada cahaya di ujung tongkat yang digenggamnya.	Они двигались молча. Гарри не сводил глаз со слабого, дрожащего огонька на конце зажатой в кулаке палочки.	страдательное причастие	They moved in silence, Harry’s gaze fixed upon the swinging beam of the wand held in his fist.	past participle																						
Suara Dumbledore ber-Apparate ditenggelamkan oleh suara angin di cabang-cabang pohon.	Дамблдор появился внезапно — шум ветра заглушил звук трансгрессии.	актив	Any sound of Dumbledore Apparating had been drowned by the sound of the wind in the branches.	пассив																						
Dan dengan pecahan jiwa itu, tidak disadari oleh Voldemort, tetap menempel pada, dan dilindungi oleh Harry, Lord Voldemort tak bisa mati.	И пока этот осколок души, о котором и сам Волан-де-Морт не догадывается, живет в Гарри, под его защитой, Волан-де-Морт не может умереть. Гарри казалось, что он смотрит на собеседников из конца длинного туннеля — они были очень далеко от него, и их голоса странно отдавались в его ушах.	актив	And while that fragment of soul, unmissed by Voldemort, remains attached to, and protected by Harry, Lord Voldemort cannot die.’	пассив																						
Lingkungan sekelilingnya tidak tersembunyi oleh asap berawan; atau asap berawan belum membentuk lingkungannya.	Пространство вокруг не было затянуто облачной дымкой. Скорее, облачная дымка еще не оформилась в пространство.	пассив	His surroundings were not hidden by cloudy vapour; rather the cloudy vapour had not yet formed into surroundings.	пассив																						
"Kau Horcrux ketujuh, Harry, Horcrux yang tak pernah dimaksudkannya dibuatnya.	Дамблдор улыбнулся: – Ты был седьмым крестражем, Гарри, крестражем, который он создал невольно.	актив	‘You were the seventh Horcrux, Harry, the Horcrux he never meant to make.	актив																						
Voldemort sudah mati, terbunuh oleh kutukannya yang berbalik, dan Harry berdiri dengan dua tongkat sihir di tangannya, menunduk memandang jasad musuhnya.	Волан-де-Морт погиб, убитый собственным обратившимся вспять заклятием, а Гарри стоял с двумя волшебными палочками в руке и глядел на опустевшую оболочку своего врага.	страдательное причастие	Voldemort was dead, killed by his own rebounding curse, and Harry stood with two wands in his hand, staring down at his enemy’s shell.	past participle																						